product_id,name,price,category_id
1,創傷_トリビュート_0,2566,7
2,尊敬する_学生_1,13168,4
3,サラダ_リンク_2,7748,5
4,極端な_バーゲン_3,23592,3
5,欠乏_クール_4,24933,7
6,私_パン_5,7044,4
7,ささやき_持ってる_6,21605,6
8,奨励します_持っていました_7,8111,4
9,合計_リフト_8,19750,5
10,コミュニティ_バケツ_9,24253,2
11,叔父_立派な_a,4818,5
12,学生_偏差_b,18623,5
13,再現する_ベルベット_c,15156,1
14,トリビュート_クルー_d,9423,4
15,それ_販売_e,21845,7
16,擁する_目的_f,3394,5
17,プラスチック_午前_10,2607,4
18,見落とす_ヒール_11,4855,1
19,バーゲン_持っていました_12,3891,7
20,ヘア_転倒_13,1590,7
21,ブランチ_ボトル_14,18264,6
22,バケツ_トーン_15,7072,5
23,ベルベット_不自然な_16,3694,7
24,必要_仕上げ_17,24673,4
25,埋め込む_チーズ_18,4340,4
26,埋め込む_持ってる_19,8228,4
27,オークション_ヘア_1a,19376,7
28,バケツ_欠乏_1b,24469,7
29,敵_デッド_1c,18994,7
30,カレッジ_管理する_1d,8838,3
31,カレッジ_衝突_1e,24062,1
32,緩む_狐_1f,7220,6
33,は_私_20,18585,6
34,式_分割_21,4124,6
35,狭い_リニア_22,9611,7
36,不自然な_中世_23,2029,1
37,奨励します_それ_24,16811,1
38,腐った_連続_25,23134,4
39,呼ぶ_電話_26,10192,3
40,擁する_私_27,4961,1
41,暖かい_柔らかい_28,1860,3
42,反射_叔父_29,24794,5
43,拡張_バケツ_2a,5623,1
44,賞賛する_革新_2b,17710,3
45,欠乏_楽しんで_2c,22892,7
46,陶器_ストレージ_2d,23618,1
47,中世_尿_2e,3312,2
48,数字_鉱山_2f,2730,1
49,キャビネット_擁する_30,3558,7
50,意図_溝_31,23311,2
51,カラム_部隊_32,2925,7
52,スペル_トリビュート_33,18393,2
53,ヒット_販売_34,7594,3
54,賞賛する_反射_35,11165,7
55,シェービング_追放する_36,11264,3
56,偏差_パイオニア_37,6393,2
57,教会_教会_38,20140,4
58,叔父_マリン_39,7343,3
59,タワー_バナー_3a,11739,1
60,同行_あった_3b,14905,7
61,錯覚_運_3c,5823,3
62,再現する_偏差_3d,6707,3
63,普通の_品質_3e,13513,6
64,装置_自体_3f,12713,5
65,埋め込む_あなた自身_40,5125,4
66,目的_賞賛する_41,9523,1
67,憲法_尿_42,10650,5
68,彼女_クロス_43,18464,4
69,保持する_符号_44,18862,3
70,じぶんの_状況_45,12817,4
71,ジャーナル_尊敬する_46,10960,7
72,埋め込む_高い_47,6431,6
73,キャビン_バケツ_48,22617,1
74,コピー_通行料金_49,12535,2
75,衝突_欠乏_4a,19308,7
76,高い_改善_4b,13363,5
77,叔父_シェービング_4c,24560,5
78,怒り_リフト_4d,20465,3
79,サンプル_式_4e,22382,3
80,ささやき_電話_4f,21927,5
81,コミュニティ_屋根裏_50,4941,3
82,虐待_尊敬する_51,10316,2
83,文言_彼女_52,20189,2
84,偏差_知覚_53,21182,3
85,バス_供給_54,2851,7
86,癌_自体_55,9945,2
87,じぶんの_参加する_56,23058,4
88,建築_ホイール_57,3153,5
89,行進_近代化する_58,19571,2
90,ボトル_保証金_59,5415,5
91,リフト_極端な_5a,5097,6
92,ピック_脊椎_5b,17385,6
93,追放する_明らかにする_5c,11780,7
94,リンク_明らかにする_5d,8579,7
95,符号_私_5e,7181,6
96,リニア_バスケット_5f,7775,7
97,ログ_証言する_60,19694,3
98,プラスチック_保持する_61,16931,6
99,敵_フェミニスト_62,14732,7
100,スキーム_持ってる_63,8429,4
101,トレーナー_部隊_64,21870,2
102,バケツ_トレーナー_65,13193,2
103,私_持ってる_66,6806,3
104,中央_鉱山_67,9678,2
105,じぶんの_月_68,17881,6
106,分割_反射_69,19085,7
107,トレーナー_通行料金_6a,3429,4
108,デッド_同行_6b,16750,3
109,腐った_スマッシュ_6c,13755,6
110,特徴_プラスチック_6d,21680,2
111,大統領_管理する_6e,8607,4
112,建築_コーラス_6f,24659,7
113,月_コンペ_70,7757,1
114,持っていました_分割_71,7922,1
115,バナー_ダイヤモンド_72,15707,2
116,保証金_販売_73,5708,4
117,保持する_サワー_74,11800,1
118,助けて_装置_75,24000,5
119,チーズ_ヒット_76,15219,5
120,擁する_通行料金_77,16625,4
121,ログ_バーゲン_78,7669,5
122,スペル_差別する_79,18242,3
123,カラム_移動_7a,12256,7
124,彼女_衝突_7b,14790,7
125,ニュース_立派な_7c,11179,3
126,クール_本質的な_7d,14915,2
127,溝_移動_7e,15604,6
128,装置_極端な_7f,8930,5
129,行進_電話_80,5361,6
130,改善_デッド_81,6400,3
131,パン_奨励します_82,3625,6
132,転倒_バスケット_83,3738,7
133,ピック_トーン_84,18515,7
134,埋め込む_電話_85,15893,4
135,ヒール_ヒット_86,18536,1
136,意図_催眠術_87,5289,7
137,タワー_コーナー_88,15134,2
138,式_コピー_89,10033,6
139,デフォルト_教授_8a,24353,7
140,残る_学生_8b,1941,6
141,状況_ベルベット_8c,19262,4
142,本質的な_状況_8d,16565,2
143,試してみる_感謝する_8e,17974,1
144,バナー_助けて_8f,21913,4
145,プラスチック_今日_90,17647,5
146,溝_メニュー_91,4476,1
147,編組_サンプル_92,6220,4
148,メニュー_トレーナー_93,4816,2
149,コーラス_ヒット_94,14571,3
150,狭い_犯罪者_95,8687,7
151,大統領_あなた自身_96,3292,7
152,サラダ_トーン_97,14779,6
153,クロス_特徴_98,12620,2
154,埋め込む_カレッジ_99,3789,5
155,ニュース_スマッシュ_9a,18672,1
156,奨励します_メニュー_9b,11468,6
157,極端な_脊椎_9c,18419,5
158,自体_ジャム_9d,16229,6
159,サワー_サンプル_9e,19794,5
160,楽しんで_部隊_9f,24891,1
161,合計_ニュース_a0,21080,6
162,中央_コピー_a1,5089,1
163,見落とす_探査_a2,5759,6
164,反射_分割_a3,21548,7
165,葉_出演者_a4,23100,2
166,ヒール_反射_a5,16493,1
167,メニュー_コミュニケーション_a6,5804,3
168,狐_倫理_a7,5996,4
169,彼女_あった_a8,19959,2
170,教会_電池_a9,14031,7
171,不自然な_コピー_aa,7476,5
172,コンペ_出演者_ab,17748,7
173,君は_ハードウェア_ac,6327,6
174,高い_埋め込む_ad,12516,5
175,教授_クール_ae,9446,5
176,リンク_連続_af,23489,5
177,ない_学生_b0,16769,4
178,倫理_敵対的な_b1,15736,6
179,奨励します_保証金_b2,8230,7
180,品質_トス_b3,5851,4
181,持ってる_陶器_b4,14365,7
182,隠す_溝_b5,2136,5
183,トリビュート_ソース_b6,19448,1
184,ない_文言_b7,5336,2
185,ブレーキ_見落とす_b8,6507,7
186,本質的な_符号_b9,12222,2
187,雪_呼ぶ_ba,10156,5
188,スキーム_キャビネット_bb,8807,7
189,追放する_マリン_bc,16711,4
190,コピー_ジャム_bd,16711,4
191,改善_助けて_be,6297,5
192,叔父_ダイヤモンド_bf,5171,1
193,差別する_販売_c0,19744,7
194,パイオニア_副_c1,20877,1
195,擁する_じぶんの_c2,10368,4
196,保持する_虐待_c3,1772,3
197,主婦_ベルベット_c4,8057,2
198,本質的な_欠乏_c5,6594,1
199,教会_符号_c6,9702,4
200,スマッシュ_風景_c7,17441,1
201,脊椎_タワー_c8,19373,2
202,持つ_リフト_c9,17206,7
203,パイオニア_ハードウェア_ca,20031,5
204,尿_尊敬する_cb,21337,4
205,は_月_cc,10652,3
206,特徴_コミュニティ_cd,22952,4
207,目的_追放する_ce,9380,4
208,意図_大統領_cf,14520,3
209,じぶんの_本質的な_d0,10019,5
210,ハンマー_不自然な_d1,2308,4
211,カレッジ_サンプル_d2,5084,7
212,柔らかい_教授_d3,18201,6
213,狭い_職人_d4,15915,6
214,暖かい_見出し_d5,23847,4
215,サラダ_創傷_d6,18498,3
216,血まみれの_ダッシュ_d7,13462,1
217,狐_シュガー_d8,19302,1
218,持ってる_尿_d9,20948,3
219,厳しい_普通の_da,19296,7
220,教授_文言_db,21696,3
221,トレーナー_コミュニケーション_dc,9358,4
222,ダニ_トレーナー_dd,12585,7
223,クロス_あった_de,4575,2
224,トーン_〜_df,21657,5
225,建築_拡張_e0,20110,2
226,式_近代化する_e1,9270,2
227,犯罪者_催眠術_e2,3088,5
228,販売_バケツ_e3,3381,5
229,日曜日_転倒_e4,16523,7
230,ダイヤモンド_は_e5,19127,3
231,助けて_パイオニア_e6,23147,5
232,索引_改善_e7,19497,6
233,私_ささやき_e8,15979,4
234,午前_建築_e9,16928,7
235,ヒット_見出し_ea,7910,4
236,ささやき_同行_eb,21053,5
237,細かい_器官_ec,24972,2
238,管理する_バケツ_ed,17437,3
239,トーン_今_ee,8355,1
240,職人_助けて_ef,20809,1
241,同行_保証金_f0,4352,7
242,保証金_式_f1,14034,1
243,学生_探査_f2,6567,7
244,君は_ニュース_f3,21293,4
245,保証金_移動_f4,5887,5
246,障害_埋め込む_f5,16351,3
247,ブランチ_ボトル_f6,24190,7
248,フレーム_スマッシュ_f7,15571,3
249,必要_人形_f8,19368,4
250,戦略的_創傷_f9,9074,7
251,狭い_式_fa,4287,5
252,ストレージ_ストレージ_fb,18402,7
253,クロス_バスケット_fc,8274,2
254,犯罪者_建築_fd,4586,4
255,憲法_ピック_fe,1789,7
256,アクセルペダル_シェービング_ff,9949,2
257,ダニ_職人_100,20990,1
258,軸_鉱山_101,17020,4
259,障害_証言する_102,1890,2
260,葉_転倒_103,20032,5
261,奨励します_バケツ_104,3039,4
262,楽しんで_それ_105,22295,1
263,ホイール_サンプル_106,21443,1
264,評議会_創傷_107,7805,3
265,今日_コミュニケーション_108,6188,2
266,あった_目的_109,15892,1
267,建築_本質的な_10a,19335,4
268,索引_日曜日_10b,2566,1
269,ホイール_販売_10c,16745,7
270,アクセルペダル_意図_10d,7252,6
271,移動_隠す_10e,8276,2
272,オークション_トリビュート_10f,2696,5
273,装置_キャビン_110,11089,2
274,ささやき_改善_111,4309,3
275,ベルベット_舗装_112,7690,1
276,舗装_バナー_113,24192,5
277,器官_持ってる_114,19535,1
278,怒り_保証金_115,14842,7
279,カラム_シュガー_116,17140,3
280,革新_参加する_117,12416,2
281,仕上げ_ハードウェア_118,15745,3
282,ホイール_緩む_119,15986,2
283,状況_チーズ_11a,11022,5
284,バーゲン_数字_11b,14042,3
285,賞賛する_感謝する_11c,21700,1
286,動物_柔らかい_11d,16491,1
287,それ_探査_11e,20124,3
288,中世_軸_11f,11564,2
289,差別する_サワー_120,13934,6
290,大統領_舗装_121,16999,1
291,あった_発生する_122,5711,1
292,本質的な_あなた自身_123,19281,4
293,リンク_催眠術_124,10359,4
294,埋め込む_敵_125,1828,3
295,奨励します_プラスチック_126,15486,5
296,埋め込む_器官_127,20251,4
297,フレーム_合計_128,11393,1
298,オークション_野球_129,7339,5
299,催眠術_敵_12a,18467,2
300,コミュニケーション_錯覚_12b,17917,5
301,ヒール_癌_12c,16705,3
302,器官_カレッジ_12d,24846,3
303,ブランチ_溝_12e,19518,6
304,鉱山_保証金_12f,24539,7
305,あった_ハンマー_130,12224,3
306,障害_近代化する_131,18637,5
307,ホイール_鉱山_132,16859,3
308,画面_コピー_133,8400,7
309,あった_バスケット_134,23220,6
310,移動_管理する_135,24643,6
311,数字_それ_136,22584,3
312,犯罪者_副_137,23904,5
313,サラダ_副_138,18790,2
314,フレーム_脊椎_139,3602,5
315,リンク_あなた自身_13a,17858,7
316,動物_教授_13b,2018,7
317,それ_ログ_13c,15585,6
318,風景_それ_13d,17930,6
319,意図_雪_13e,3202,2
320,符号_ジャム_13f,18567,7
321,リフト_ジャム_140,9321,4
322,クルー_インチ_141,24218,2
323,電池_近代化する_142,3834,2
324,フェミニスト_スペル_143,7337,4
325,教会_脊椎_144,16090,5
326,自体_彼女_145,10306,5
327,あなた自身_トリビュート_146,9632,4
328,トーン_協力_147,8532,2
329,ダッシュ_葉_148,18688,3
330,チーズ_シェービング_149,3256,6
331,脊椎_助けて_14a,4532,3
332,錯覚_反射_14b,23807,2
333,トーン_残る_14c,1502,2
334,ストレージ_錯覚_14d,4938,1
335,午前_参加する_14e,5448,2
336,ログ_教授_14f,6412,6
337,尊敬する_尿_150,11650,5
338,トレーナー_トーン_151,7083,3
339,電池_雪_152,22549,3
340,欠乏_自体_153,22947,3
341,符号_サワー_154,21505,3
342,極端な_器官_155,7808,5
343,今_日曜日_156,22919,4
344,障害_ブランチ_157,16700,5
345,トーン_バナー_158,8218,2
346,ヘア_残る_159,13193,2
347,舗装_オークション_15a,18876,7
348,スペル_中央_15b,16122,4
349,発生する_織る_15c,18828,1
350,コミュニティ_楽しんで_15d,16855,1
351,自体_残る_15e,14854,6
352,屋根裏_仕上げ_15f,23494,7
353,ない_転倒_160,23362,6
354,擁する_ダニ_161,3796,3
355,スキーム_器官_162,12292,3
356,アクセルペダル_鉱山_163,3161,4
357,シェービング_ブレーキ_164,21630,3
358,差別する_高い_165,17796,2
359,犯罪者_クロス_166,19463,4
360,サラダ_意図_167,20141,7
361,中世_ダニ_168,10115,5
362,拡張_感謝する_169,5788,6
363,必要_電池_16a,8417,2
364,狐_協力_16b,20799,1
365,ログ_立派な_16c,23036,6
366,スキーム_偏差_16d,18702,5
367,主婦_ブランチ_16e,19190,2
368,呼ぶ_ソース_16f,2009,1
369,創傷_移動_170,16848,7
370,主婦_雪_171,3311,4
371,パン_中世_172,6108,4
372,見落とす_分割_173,6269,1
373,移動_トーン_174,13348,5
374,テント_じぶんの_175,22485,7
375,デッド_サラダ_176,3956,1
376,呼ぶ_スマッシュ_177,21622,6
377,供給_憲法_178,23231,7
378,ストレージ_敵対的な_179,24087,7
379,ベルベット_葉_17a,9119,3
380,バスケット_見出し_17b,13584,3
381,マリン_柔らかい_17c,15930,1
382,軸_ダイヤモンド_17d,20712,5
383,創傷_行進_17e,10634,2
384,通行料金_索引_17f,4757,5
385,プラスチック_差別する_180,5208,1
386,助けて_コーナー_181,2790,7
387,ヘア_主人_182,15380,6
388,差別する_軸_183,18688,7
389,フェミニスト_私_184,19491,2
390,叔父_柔らかい_185,1948,6
391,極端な_スキーム_186,16679,2
392,行進_柔らかい_187,13887,2
393,彼女_トレーナー_188,21835,1
394,バーゲン_革新_189,22259,1
395,腐った_保証金_18a,19908,5
396,近代化する_暖かい_18b,22499,3
397,大統領_〜_18c,24019,1
398,中央_呼ぶ_18d,2107,4
399,人形_転倒_18e,1516,1
400,彼女_ダニ_18f,6672,7
401,コピー_暖かい_190,8424,6
402,ベルベット_明らかにする_191,6392,4
403,戦略的_数字_192,4484,1
404,移動_状況_193,9331,5
405,連続_探査_194,2426,2
406,品質_電池_195,3815,7
407,建築_ジャーナル_196,15819,7
408,リフト_衝突_197,21555,5
409,見出し_賞賛する_198,18290,3
410,リフト_尿_199,11890,6
411,戦略的_偏差_19a,10161,3
412,メニュー_クルー_19b,16479,4
413,は_月_19c,17366,2
414,は_運_19d,14891,3
415,本質的な_楽しんで_19e,19747,1
416,副_あった_19f,13150,2
417,フェミニスト_文言_1a0,11460,3
418,リハビリ_カラム_1a1,21872,3
419,供給_バス_1a2,12103,1
420,大統領_大統領_1a3,13561,6
421,サンプル_再現する_1a4,3398,2
422,明らかにする_楽しんで_1a5,11520,4
423,転倒_インチ_1a6,17478,4
424,改善_数字_1a7,24492,7
425,符号_虐待_1a8,17213,7
426,ピック_分割_1a9,8607,1
427,バス_欠乏_1aa,8568,1
428,ハードウェア_省略_1ab,6497,6
429,残る_パイオニア_1ac,8749,2
430,参加する_フレーム_1ad,15517,4
431,厳しい_カラム_1ae,15517,2
432,野球_クロス_1af,12580,5
433,リニア_式_1b0,16384,7
434,教授_建築_1b1,13527,2
435,ハードウェア_保証金_1b2,19927,7
436,犯罪者_緩む_1b3,22812,7
437,部隊_明らかにする_1b4,23654,3
438,細かい_トリビュート_1b5,19118,3
439,ブラケット_狭い_1b6,22035,2
440,ストレージ_スキーム_1b7,9982,6
441,保持する_電話_1b8,24135,6
442,ブラケット_運_1b9,18291,3
443,中世_フレーム_1ba,10751,5
444,協力_供給_1bb,8484,4
445,賞賛する_高い_1bc,20964,3
446,カレッジ_同行_1bd,4521,3
447,出演者_月_1be,9878,1
448,君は_尊敬する_1bf,18572,4
449,トレーナー_奨励します_1c0,21879,2
450,編組_リンク_1c1,21473,1
451,反射_目的_1c2,8399,3
452,隠す_知覚_1c3,22918,6
453,ヘア_立派な_1c4,6526,3
454,画面_ダイヤモンド_1c5,4281,5
455,織る_狐_1c6,1875,6
456,ジャーナル_保証金_1c7,21909,6
457,トースト_見落とす_1c8,17727,3
458,じぶんの_発生する_1c9,20155,7
459,見落とす_サワー_1ca,20233,7
460,コーナー_連続_1cb,11794,4
461,今日_キャビン_1cc,6265,5
462,コミュニケーション_癌_1cd,14209,1
463,賞賛する_血まみれの_1ce,1667,6
464,明らかにする_ニュース_1cf,6864,6
465,衝突_同行_1d0,17868,4
466,アクセルペダル_花嫁_1d1,22784,3
467,犯罪者_フェミニスト_1d2,2567,1
468,障害_オークション_1d3,23789,6
469,職人_行進_1d4,9929,2
470,アクセルペダル_トーン_1d5,23437,2
471,カレッジ_特徴_1d6,5872,3
472,鉱山_ダッシュ_1d7,18411,4
473,省略_犯罪者_1d8,19552,2
474,今_主婦_1d9,8185,6
475,ささやき_持っていました_1da,21499,7
476,緩む_状況_1db,1705,1
477,主人_憲法_1dc,11143,5
478,脊椎_普通の_1dd,10101,3
479,ブラケット_君は_1de,18861,4
480,明らかにする_販売_1df,9189,4
481,血まみれの_奨励します_1e0,15577,5
482,奨励します_埋め込む_1e1,11923,2
483,障害_品質_1e2,3706,2
484,反射_オークション_1e3,24180,4
485,スマッシュ_連続_1e4,13632,3
486,ない_タワー_1e5,11170,3
487,学生_屋根裏_1e6,22198,6
488,マリン_見落とす_1e7,3253,7
489,カレッジ_叔父_1e8,13091,5
490,立派な_今_1e9,21721,7
491,デフォルト_通行料金_1ea,15468,1
492,意図_創傷_1eb,13577,4
493,探査_主婦_1ec,15533,3
494,転倒_それ_1ed,13286,1
495,バーゲン_ヒット_1ee,21762,1
496,ソース_ニュース_1ef,22459,1
497,メニュー_電話_1f0,17826,7
498,賞賛する_探査_1f1,11984,1
499,錯覚_擁する_1f2,7396,6
500,クルー_緩む_1f3,2384,2
501,教会_明らかにする_1f4,24966,3
502,狭い_参加する_1f5,20061,7
503,日曜日_自体_1f6,2581,7
504,品質_動物_1f7,14710,5
505,ヒール_再現する_1f8,20488,3
506,普通の_コミュニティ_1f9,24273,2
507,式_ブラケット_1fa,21631,4
508,花嫁_主人_1fb,7348,4
509,は_ハンマー_1fc,24492,7
510,バスケット_出演者_1fd,21764,7
511,電池_部隊_1fe,12207,4
512,管理する_コンペ_1ff,14372,4
513,風景_大統領_200,10930,4
514,持ってる_拡張_201,17687,3
515,動物_ヒール_202,24684,6
516,尿_ハードウェア_203,19664,6
517,腐った_トーン_204,22753,2
518,スキーム_トリビュート_205,4769,6
519,評議会_バーゲン_206,21153,1
520,サンプル_尊敬する_207,2685,3
521,意図_リニア_208,19906,2
522,動物_織る_209,5149,4
523,ハードウェア_明らかにする_20a,15302,2
524,行進_ストレージ_20b,3239,7
525,隠す_販売_20c,22635,3
526,マリン_カレッジ_20d,23892,7
527,差別する_運_20e,3502,5
528,ダッシュ_あった_20f,9844,6
529,リフト_残る_210,7643,6
530,暖かい_カラム_211,6457,7
531,カレッジ_厳しい_212,10978,2
532,反射_クール_213,4061,1
533,参加する_ソース_214,6200,1
534,怒り_ボトル_215,15965,2
535,マリン_感謝する_216,18501,6
536,バス_今日_217,10739,2
537,野球_錯覚_218,4464,2
538,擁する_トス_219,18466,5
539,装置_チーズ_21a,4438,1
540,助けて_コーラス_21b,10352,4
541,トス_スマッシュ_21c,22439,6
542,擁する_持ってる_21d,23198,1
543,知覚_ニュース_21e,16509,5
544,オークション_分割_21f,22256,3
545,数字_シュガー_220,19487,3
546,パン_ジャム_221,8214,2
547,テント_ささやき_222,18088,4
548,バーゲン_怒り_223,7311,7
549,ストレージ_ハードウェア_224,12926,3
550,合計_倫理_225,15678,3
551,脊椎_スマッシュ_226,23601,2
552,ピック_仕上げ_227,20042,7
553,デフォルト_血まみれの_228,20663,5
554,障害_フェミニスト_229,16130,3
555,今_倫理_22a,3682,2
556,探査_今日_22b,13081,4
557,ピック_野球_22c,12668,7
558,普通の_部隊_22d,8314,3
559,同行_主人_22e,17935,5
560,教授_再現する_22f,1595,4
561,極端な_障害_230,13968,7
562,ダッシュ_憲法_231,4629,5
563,販売_合計_232,4544,3
564,学生_緩む_233,19264,4
565,サンプル_動物_234,6636,7
566,あった_動物_235,21394,7
567,クール_普通の_236,24618,5
568,協力_持つ_237,10307,4
569,脊椎_建築_238,13859,1
570,見出し_証言する_239,14525,6
571,中世_主婦_23a,22634,2
572,見出し_コンペ_23b,4341,2
573,ピック_ソース_23c,10777,6
574,バナー_キャビン_23d,4694,1
575,オークション_錯覚_23e,6381,7
576,高い_指名_23f,2035,3
577,インチ_再現する_240,12031,5
578,日曜日_人形_241,22430,6
579,柔らかい_持ってる_242,15317,4
580,拡張_ソース_243,20714,5
581,発生する_トースト_244,5718,2
582,拡張_評議会_245,21835,3
583,柔らかい_叔父_246,14349,4
584,参加する_偏差_247,20304,2
585,戦略的_呼ぶ_248,10857,1
586,ログ_血まみれの_249,24366,1
587,パイオニア_タワー_24a,22728,6
588,ホイール_保証金_24b,6804,1
589,〜_敵対的な_24c,18989,1
590,パーセント_バナー_24d,23331,2
591,叔父_リフト_24e,8033,4
592,埋め込む_建築_24f,2591,7
593,バスケット_私_250,2578,3
594,ダイヤモンド_敵_251,24023,5
595,偏差_近代化する_252,10248,1
596,雪_私_253,8659,4
597,催眠術_符号_254,20945,3
598,ない_アクセルペダル_255,17073,5
599,錯覚_呼ぶ_256,9569,4
600,テント_催眠術_257,22086,1
601,革新_虐待_258,4964,6
602,人形_カレッジ_259,12312,3
603,尊敬する_緩む_25a,14635,4
604,鉱山_ボトル_25b,7071,4
605,同行_供給_25c,10108,3
606,陶器_ヒール_25d,22112,2
607,緩む_じぶんの_25e,10722,7
608,雪_シュガー_25f,13083,1
609,日曜日_リフト_260,19110,7
610,リンク_ノート_261,20656,4
611,通行料金_月_262,11403,6
612,スキーム_細かい_263,3160,5
613,トーン_移動_264,9649,2
614,ブランチ_コミュニティ_265,19955,1
615,副_ベルベット_266,20367,2
616,リンク_雪_267,8183,3
617,特徴_トレーナー_268,8362,5
618,ノート_発生する_269,10203,2
619,省略_革新_26a,22501,2
620,欠乏_供給_26b,12639,6
621,雪_尿_26c,7813,7
622,は_サンプル_26d,19797,5
623,スペル_ダイヤモンド_26e,17067,1
624,敵_探査_26f,7592,5
625,彼女_残る_270,13285,6
626,フェミニスト_装置_271,12792,6
627,コミュニティ_見落とす_272,4406,7
628,ジャーナル_トリビュート_273,19070,6
629,意図_符号_274,22058,4
630,午前_編組_275,7220,7
631,ベルベット_ノート_276,9516,3
632,敵対的な_評議会_277,3809,2
633,テント_連続_278,9521,2
634,協力_狭い_279,3527,6
635,器官_厳しい_27a,7750,1
636,花嫁_装置_27b,14844,2
637,楽しんで_タワー_27c,8323,1
638,月_ホイール_27d,17497,2
639,ログ_ジャーナル_27e,10053,4
640,コンペ_立派な_27f,19393,6
641,ない_評議会_280,17165,7
642,今_衝突_281,23502,1
643,デフォルト_革新_282,24936,6
644,野球_陶器_283,14610,7
645,虐待_ピック_284,6307,6
646,今日_バス_285,5225,4
647,埋め込む_保持する_286,16632,1
648,今日_行進_287,14298,6
649,必要_ダッシュ_288,23263,4
650,反射_試してみる_289,5319,6
651,インチ_憲法_28a,24370,2
652,舗装_葉_28b,4800,6
653,パーセント_数字_28c,2303,5
654,装置_狐_28d,15165,6
655,カレッジ_省略_28e,12129,7
656,怒り_スキーム_28f,3203,6
657,器官_ヒット_290,9675,1
658,画面_埋め込む_291,18794,6
659,数字_屋根裏_292,14634,1
660,持つ_尿_293,24570,1
661,合計_画面_294,22034,1
662,バス_彼_295,18046,7
663,メニュー_革新_296,9191,1
664,奨励します_腐った_297,16002,3
665,ダッシュ_キャビン_298,13418,3
666,本質的な_バケツ_299,19756,7
667,憲法_サワー_29a,2227,5
668,見落とす_尿_29b,4725,3
669,コピー_ダイヤモンド_29c,1665,3
670,虐待_人形_29d,15614,1
671,葉_ブレーキ_29e,8951,3
672,午前_隠す_29f,23244,2
673,緩む_数字_2a0,7606,3
674,立派な_職人_2a1,24263,1
675,偏差_見落とす_2a2,22736,5
676,連続_サラダ_2a3,23166,2
677,デフォルト_血まみれの_2a4,4966,5
678,主人_偏差_2a5,23336,5
679,主婦_軸_2a6,5848,1
680,動物_マリン_2a7,20730,3
681,ささやき_あった_2a8,20236,1
682,呼ぶ_ダッシュ_2a9,11429,7
683,連続_建築_2aa,6619,4
684,教会_意図_2ab,10716,5
685,トス_舗装_2ac,16692,3
686,狭い_再現する_2ad,7756,1
687,楽しんで_タワー_2ae,20854,1
688,文言_バーゲン_2af,16602,5
689,連続_パイオニア_2b0,4882,3
690,リハビリ_は_2b1,18984,3
691,残る_楽しんで_2b2,19211,7
692,創傷_午前_2b3,16063,6
693,あった_再現する_2b4,19530,2
694,偏差_奨励します_2b5,19727,3
695,トリビュート_動物_2b6,19235,1
696,再現する_ニュース_2b7,7589,6
697,午前_コーナー_2b8,5422,1
698,リニア_クール_2b9,13799,1
699,発生する_午前_2ba,16511,1
700,コピー_学生_2bb,24366,5
701,クロス_癌_2bc,8472,4
702,軸_トリビュート_2bd,18334,1
703,舗装_犯罪者_2be,22061,3
704,クロス_近代化する_2bf,7949,5
705,今_コーラス_2c0,5354,5
706,本質的な_戦略的_2c1,14112,2
707,鉱山_文言_2c2,7171,3
708,不自然な_倫理_2c3,17652,5
709,教会_教会_2c4,15863,3
710,錯覚_符号_2c5,13045,1
711,葉_保持する_2c6,19694,1
712,トス_呼ぶ_2c7,8734,4
713,コーナー_コンペ_2c8,3247,3
714,陶器_じぶんの_2c9,19642,4
715,ジャーナル_創傷_2ca,12736,6
716,状況_装置_2cb,7813,7
717,午前_花嫁_2cc,4701,6
718,同行_鉱山_2cd,7423,2
719,バナー_擁する_2ce,14199,1
720,保証金_符号_2cf,15601,6
721,移動_自体_2d0,24208,7
722,職人_パイオニア_2d1,5587,5
723,状況_改善_2d2,3867,5
724,合計_自体_2d3,21556,4
725,ボトル_インチ_2d4,23817,3
726,スペル_それ_2d5,4257,3
727,主人_保持する_2d6,24478,7
728,君は_バケツ_2d7,6739,7
729,トリビュート_マリン_2d8,1766,4
730,偏差_自体_2d9,19432,1
731,職人_極端な_2da,5217,1
732,奨励します_人形_2db,18438,7
733,普通の_それ_2dc,4119,3
734,賞賛する_クロス_2dd,9906,2
735,電池_腐った_2de,19283,1
736,同行_クルー_2df,20797,3
737,部隊_持っていました_2e0,6055,1
738,プラスチック_デフォルト_2e1,13200,7
739,ダニ_溝_2e2,15041,6
740,持つ_バケツ_2e3,9537,7
741,バス_トレーナー_2e4,13825,4
742,反射_屋根裏_2e5,22501,2
743,職人_教授_2e6,18360,5
744,装置_電池_2e7,3945,3
745,クロス_今日_2e8,4999,2
746,血まみれの_リフト_2e9,23151,7
747,彼_リンク_2ea,13402,4
748,改善_フェミニスト_2eb,12195,5
749,花嫁_クロス_2ec,4067,5
750,運_オークション_2ed,24545,3
751,脊椎_キャビネット_2ee,21017,4
752,必要_改善_2ef,5531,6
753,普通の_彼_2f0,2337,3
754,チーズ_式_2f1,16941,6
755,カラム_明らかにする_2f2,23307,4
756,合計_創傷_2f3,7787,4
757,索引_デッド_2f4,21565,1
758,見出し_省略_2f5,20129,7
759,ストレージ_衝突_2f6,12725,2
760,自体_雪_2f7,3352,7
761,タワー_中央_2f8,11347,5
762,は_主婦_2f9,14653,2
763,評議会_ない_2fa,13848,1
764,賞賛する_トースト_2fb,16780,7
765,ブラケット_ブレーキ_2fc,5842,6
766,バスケット_知覚_2fd,22667,2
767,コンペ_キャビネット_2fe,16698,5
768,ピック_電話_2ff,7466,6
769,創傷_プラスチック_300,10571,2
770,欠乏_助けて_301,15761,2
771,ストレージ_トス_302,22646,2
772,デフォルト_ボトル_303,13179,4
773,溝_サワー_304,21561,7
774,クルー_血まみれの_305,19208,6
775,コミュニティ_ささやき_306,3333,1
776,君は_自体_307,9973,3
777,自体_織る_308,2411,2
778,保持する_教会_309,5590,2
779,クルー_戦略的_30a,10453,5
780,リフト_月_30b,17998,6
781,ダニ_フェミニスト_30c,16235,4
782,ない_ハンマー_30d,21552,3
783,画面_クロス_30e,21698,5
784,ヘア_トーン_30f,19439,3
785,メニュー_軸_310,6019,3
786,ソース_持っていました_311,8369,7
787,キャビン_差別する_312,10699,5
788,合計_葉_313,21143,3
789,君は_尊敬する_314,3239,6
790,舗装_参加する_315,4067,7
791,合計_プラスチック_316,22206,7
792,ログ_インチ_317,3755,4
793,雪_編組_318,10071,6
794,感謝する_トーン_319,10510,2
795,テント_明らかにする_31a,6553,4
796,催眠術_厳しい_31b,23366,1
797,バナー_インチ_31c,11991,5
798,癌_クロス_31d,12810,4
799,織る_今日_31e,3157,3
800,パーセント_運_31f,14766,7
801,ヘア_ホイール_320,22671,2
802,教授_意図_321,16894,7
803,拡張_細かい_322,8312,7
804,狐_細かい_323,4341,6
805,雪_トス_324,2253,6
806,中央_サンプル_325,10933,4
807,ボトル_再現する_326,21041,3
808,衝突_腐った_327,2393,1
809,バーゲン_学生_328,1792,5
810,サワー_コーラス_329,3364,2
811,建築_コンペ_32a,8973,1
812,〜_ブラケット_32b,4754,3
813,ブレーキ_数字_32c,17418,7
814,仕上げ_特徴_32d,19828,7
815,感謝する_は_32e,24240,3
816,スペル_チーズ_32f,4680,6
817,文言_移動_330,23874,5
818,証言する_リンク_331,10279,4
819,持っていました_スマッシュ_332,20352,1
820,教授_犯罪者_333,8283,4
821,ジャム_探査_334,17175,2
822,不自然な_合計_335,13287,1
823,陶器_プラスチック_336,5617,3
824,舗装_ダニ_337,13698,5
825,花嫁_創傷_338,11606,3
826,ブレーキ_評議会_339,3007,1
827,ヒール_サワー_33a,11383,4
828,感謝する_葉_33b,10171,1
829,人形_オークション_33c,19593,6
830,キャビン_感謝する_33d,24687,1
831,織る_明らかにする_33e,24826,4
832,評議会_副_33f,22335,6
833,拡張_電池_340,23616,2
834,スキーム_キャビン_341,11561,5
835,ヒール_画面_342,21578,5
836,リフト_状況_343,14272,2
837,装置_ノート_344,18015,7
838,それ_部隊_345,19407,5
839,パイオニア_ささやき_346,19199,5
840,日曜日_感謝する_347,14647,1
841,転倒_バケツ_348,21865,7
842,怒り_証言する_349,9444,3
843,式_午前_34a,23437,7
844,錯覚_鉱山_34b,13155,4
845,協力_指名_34c,1719,1
846,ボトル_リンク_34d,12619,3
847,保持する_ベルベット_34e,11335,5
848,管理する_運_34f,20896,1
849,副_シェービング_350,15932,3
850,ささやき_クール_351,20067,5
851,ダイヤモンド_倫理_352,10163,7
852,擁する_管理する_353,12157,3
853,バスケット_再現する_354,15945,5
854,知覚_インチ_355,16519,7
855,自体_感謝する_356,1893,1
856,中世_索引_357,4678,1
857,仕上げ_探査_358,14853,3
858,ハードウェア_トス_359,15118,2
859,ブランチ_陶器_35a,22564,1
860,ヒット_パーセント_35b,22593,2
861,マリン_ヒット_35c,9710,1
862,必要_今_35d,6694,3
863,オークション_同行_35e,5235,2
864,偏差_ブラケット_35f,24635,6
865,風景_通行料金_360,14184,7
866,ログ_大統領_361,16409,2
867,尿_タワー_362,24290,6
868,賞賛する_花嫁_363,19088,2
869,自体_憲法_364,9374,6
870,特徴_画面_365,23039,4
871,管理する_再現する_366,19731,5
872,パイオニア_保証金_367,3539,2
873,画面_バーゲン_368,7710,4
874,それ_〜_369,23006,2
875,本質的な_賞賛する_36a,12256,1
876,野球_動物_36b,20871,7
877,参加する_差別する_36c,14086,7
878,脊椎_欠乏_36d,10123,3
879,装置_拡張_36e,6023,7
880,尿_画面_36f,8247,1
881,バケツ_知覚_370,6336,6
882,ヒール_サラダ_371,14280,1
883,マリン_私_372,6791,2
884,索引_大統領_373,16919,3
885,ノート_癌_374,13094,1
886,柔らかい_目的_375,21980,5
887,持っていました_コミュニケーション_376,10009,4
888,タワー_ニュース_377,22782,7
889,欠乏_織る_378,10044,5
890,クロス_本質的な_379,12506,4
891,指名_衝突_37a,14324,6
892,リニア_柔らかい_37b,9746,1
893,トースト_自体_37c,4408,3
894,呼ぶ_楽しんで_37d,10384,2
895,敵_極端な_37e,3670,7
896,助けて_彼女_37f,3438,6
897,移動_評議会_380,19799,3
898,叔父_サラダ_381,11908,6
899,フレーム_ホイール_382,21504,4
900,オークション_カラム_383,21126,2
901,極端な_尿_384,21326,2
902,指名_トレーナー_385,9274,7
903,敵対的な_普通の_386,15330,1
904,クロス_バス_387,4148,2
905,知覚_敵対的な_388,9919,7
906,コンペ_ダニ_389,10849,4
907,助けて_バケツ_38a,20311,4
908,戦略的_厳しい_38b,7735,6
909,知覚_反射_38c,16566,6
910,式_証言する_38d,12726,4
911,式_指名_38e,19068,7
912,は_パイオニア_38f,5824,7
913,指名_今日_390,19017,1
914,式_副_391,5202,7
915,探査_立派な_392,2755,7
916,リフト_ソース_393,4586,4
917,ヒット_通行料金_394,22983,4
918,偏差_改善_395,22364,3
919,オークション_必要_396,16725,1
920,転倒_厳しい_397,4747,4
921,ストレージ_本質的な_398,17630,3
922,持つ_トレーナー_399,13477,3
923,ない_立派な_39a,2113,3
924,狐_コーラス_39b,22090,7
925,柔らかい_溝_39c,4976,1
926,ささやき_奨励します_39d,5448,5
927,葉_ブレーキ_39e,23015,7
928,楽しんで_差別する_39f,16157,1
929,学生_トレーナー_3a0,10961,4
930,ヘア_虐待_3a1,11657,4
931,合計_テント_3a2,14290,6
932,連続_君は_3a3,8485,2
933,近代化する_葉_3a4,24263,3
934,ヒット_本質的な_3a5,8442,5
935,賞賛する_奨励します_3a6,6318,5
936,あなた自身_販売_3a7,20376,7
937,指名_脊椎_3a8,18615,5
938,コーナー_サラダ_3a9,9088,7
939,出演者_奨励します_3aa,14342,1
940,符号_タワー_3ab,7611,7
941,プラスチック_行進_3ac,23817,6
942,ベルベット_追放する_3ad,7185,5
943,ベルベット_動物_3ae,6840,2
944,創傷_シェービング_3af,13986,5
945,参加する_ダッシュ_3b0,5157,3
946,暖かい_あなた自身_3b1,15540,2
947,月_トースト_3b2,6431,5
948,立派な_催眠術_3b3,17138,3
949,器官_インチ_3b4,4665,6
950,大統領_ストレージ_3b5,12390,2
951,君は_副_3b6,9401,7
952,ジャーナル_索引_3b7,20259,6
953,血まみれの_トーン_3b8,21518,6
954,ホイール_発生する_3b9,15658,6
955,トースト_ノート_3ba,22536,7
956,状況_スペル_3bb,2322,1
957,彼_日曜日_3bc,21753,3
958,通行料金_細かい_3bd,3607,2
959,供給_差別する_3be,14042,7
960,創傷_脊椎_3bf,18558,4
961,文言_ハンマー_3c0,7604,4
962,ヘア_コミュニティ_3c1,4484,3
963,ヘア_軸_3c2,4835,3
964,追放する_ストレージ_3c3,8078,1
965,職人_ダッシュ_3c4,6900,4
966,クルー_キャビン_3c5,20520,7
967,私_見落とす_3c6,23377,1
968,リンク_不自然な_3c7,7083,7
969,本質的な_プラスチック_3c8,5882,7
970,革新_ストレージ_3c9,17712,4
971,目的_立派な_3ca,6920,7
972,拡張_ニュース_3cb,21340,2
973,じぶんの_拡張_3cc,17891,4
974,残る_コーラス_3cd,12620,5
975,血まみれの_風景_3ce,15555,3
976,コミュニティ_錯覚_3cf,18851,3
977,索引_建築_3d0,17461,7
978,舗装_タワー_3d1,6219,1
979,午前_ブランチ_3d2,20849,3
980,シュガー_チーズ_3d3,12500,1
981,必要_リンク_3d4,10560,5
982,革新_シェービング_3d5,4494,5
983,リハビリ_フェミニスト_3d6,18409,3
984,ジャム_トースト_3d7,15124,6
985,癌_錯覚_3d8,10753,5
986,移動_改善_3d9,20556,1
987,持っていました_障害_3da,10807,1
988,私_見落とす_3db,4598,4
989,奨励します_協力_3dc,17721,3
990,供給_協力_3dd,24634,5
991,参加する_トス_3de,15167,5
992,奨励します_サラダ_3df,9905,7
993,ダニ_ノート_3e0,13420,6
994,彼女_賞賛する_3e1,24072,5
995,ノート_虐待_3e2,18132,6
996,トレーナー_癌_3e3,22419,6
997,販売_アクセルペダル_3e4,8960,4
998,リンク_教会_3e5,11475,1
999,柔らかい_月_3e6,16051,5
1000,試してみる_同行_3e7,19845,2
1001,カラム_ソース_3e8,16615,7
1002,リハビリ_ハンマー_3e9,6653,2
1003,ささやき_リニア_3ea,2287,1
1004,陶器_シェービング_3eb,24359,4
1005,リニア_は_3ec,5316,5
1006,フェミニスト_パイオニア_3ed,24398,4
1007,じぶんの_探査_3ee,16318,4
1008,プラスチック_通行料金_3ef,14502,6
1009,マリン_鉱山_3f0,19284,3
1010,販売_犯罪者_3f1,9972,1
1011,スマッシュ_持つ_3f2,6101,7
1012,怒り_犯罪者_3f3,8469,4
1013,デッド_尿_3f4,19819,1
1014,雪_ブレーキ_3f5,12584,6
1015,ダニ_意図_3f6,24756,4
1016,試してみる_ブラケット_3f7,20624,1
1017,近代化する_クロス_3f8,10276,6
1018,ブランチ_部隊_3f9,12975,2
1019,電話_オークション_3fa,1561,2
1020,ブラケット_持ってる_3fb,6820,6
1021,ダイヤモンド_腐った_3fc,6302,1
1022,見落とす_ダッシュ_3fd,6958,3
1023,パン_サワー_3fe,3969,2
1024,供給_目的_3ff,5640,2
1025,擁する_意図_400,18996,6
1026,クルー_拡張_401,17478,5
1027,午前_敵対的な_402,22212,7
1028,人形_チーズ_403,4654,7
1029,主婦_狐_404,5892,1
1030,尊敬する_狭い_405,11192,3
1031,ジャーナル_戦略的_406,11263,6
1032,電池_トリビュート_407,11036,7
1033,オークション_チーズ_408,14379,4
1034,細かい_サンプル_409,21616,3
1035,風景_それ_40a,19138,4
1036,追放する_リニア_40b,2468,2
1037,スペル_主人_40c,18366,2
1038,ダイヤモンド_癌_40d,8935,1
1039,品質_人形_40e,2524,2
1040,ブランチ_不自然な_40f,3567,4
1041,近代化する_叔父_410,10646,3
1042,トレーナー_テント_411,20021,1
1043,は_品質_412,16313,4
1044,状況_ボトル_413,14109,4
1045,軸_電話_414,18094,5
1046,電話_供給_415,21339,1
1047,保持する_ダッシュ_416,15295,1
1048,軸_怒り_417,9539,5
1049,ホイール_ハンマー_418,5416,7
1050,保証金_再現する_419,3210,6
1051,自体_創傷_41a,12060,1
1052,ハードウェア_販売_41b,6144,2
1053,符号_同行_41c,19511,4
1054,助けて_ブランチ_41d,17440,2
1055,編組_マリン_41e,15579,3
1056,フェミニスト_極端な_41f,15759,4
1057,ヒール_同行_420,14284,5
1058,コンペ_分割_421,1908,1
1059,シュガー_出演者_422,19555,3
1060,コピー_狐_423,2403,6
1061,中央_マリン_424,18049,7
1062,彼女_君は_425,20861,5
1063,ソース_電話_426,10761,2
1064,サンプル_シェービング_427,3113,2
1065,鉱山_マリン_428,5370,7
1066,改善_戦略的_429,5404,2
1067,供給_証言する_42a,17904,6
1068,ダニ_戦略的_42b,19456,5
1069,怒り_式_42c,17614,5
1070,保証金_ソース_42d,19111,3
1071,カレッジ_通行料金_42e,20142,7
1072,運_尊敬する_42f,1639,3
1073,クルー_ジャム_430,9696,2
1074,ささやき_腐った_431,13518,3
1075,フレーム_電話_432,23481,6
1076,舗装_ジャム_433,18168,7
1077,バナー_トス_434,12719,7
1078,コミュニケーション_シュガー_435,7073,1
1079,コミュニケーション_陶器_436,10018,4
1080,マリン_軸_437,15489,1
1081,教会_腐った_438,11609,3
1082,評議会_移動_439,20865,7
1083,あった_トースト_43a,9688,3
1084,バケツ_職人_43b,12827,2
1085,探査_敵対的な_43c,19353,7
1086,トレーナー_再現する_43d,7363,3
1087,サワー_敵対的な_43e,7809,1
1088,葉_管理する_43f,23457,6
1089,クール_ダニ_440,7082,7
1090,コピー_君は_441,24626,7
1091,ダニ_ブランチ_442,10696,7
1092,ホイール_バナー_443,8320,1
1093,販売_探査_444,23434,7
1094,試してみる_呼ぶ_445,13828,5
1095,ジャム_オークション_446,13733,6
1096,敵対的な_は_447,7068,7
1097,雪_創傷_448,20220,4
1098,今日_狭い_449,7630,3
1099,追放する_催眠術_44a,18026,1
1100,バス_狐_44b,21470,4
1101,シェービング_それ_44c,23000,2
1102,必要_今日_44d,11937,1
1103,インチ_ダッシュ_44e,4985,5
1104,器官_リハビリ_44f,14879,2
1105,サワー_追放する_450,7949,2
1106,探査_今日_451,12552,3
1107,コーナー_ダイヤモンド_452,10044,2
1108,同行_コンペ_453,4641,2
1109,品質_葉_454,6649,7
1110,ジャム_教授_455,6221,7
1111,近代化する_野球_456,21889,2
1112,ソース_催眠術_457,5665,4
1113,バナー_明らかにする_458,18861,7
1114,暖かい_テント_459,9198,4
1115,保証金_ダニ_45a,13183,4
1116,革新_ダニ_45b,6231,3
1117,残る_織る_45c,14166,3
1118,サンプル_不自然な_45d,17448,6
1119,持ってる_ピック_45e,1525,5
1120,コミュニティ_ノート_45f,15785,1
1121,行進_本質的な_460,1818,5
1122,探査_障害_461,9630,2
1123,サラダ_錯覚_462,9283,3
1124,リフト_建築_463,12311,7
1125,狭い_暖かい_464,12948,5
1126,主婦_デッド_465,15374,7
1127,見出し_ヒール_466,8759,2
1128,敵_ささやき_467,21188,7
1129,トースト_叔父_468,4126,7
1130,クルー_動物_469,3393,6
1131,ヘア_画面_46a,14995,1
1132,反射_職人_46b,2444,2
1133,同行_転倒_46c,12047,4
1134,インチ_コンペ_46d,12256,4
1135,部隊_クール_46e,19859,6
1136,デッド_同行_46f,15879,3
1137,催眠術_器官_470,9994,7
1138,指名_助けて_471,17125,3
1139,織る_革新_472,6153,6
1140,ヒット_供給_473,21805,4
1141,ブラケット_目的_474,19851,5
1142,鉱山_革新_475,20643,4
1143,バケツ_日曜日_476,2122,4
1144,尿_部隊_477,17746,1
1145,サラダ_擁する_478,11028,6
1146,サラダ_状況_479,21503,1
1147,大統領_雪_47a,19437,6
1148,柔らかい_販売_47b,6408,1
1149,特徴_偏差_47c,14384,1
1150,デッド_〜_47d,9239,5
1151,持っていました_明らかにする_47e,18757,5
1152,コミュニケーション_呼ぶ_47f,15582,4
1153,創傷_ダイヤモンド_480,21780,4
1154,革新_暖かい_481,20556,6
1155,敵対的な_チーズ_482,8536,4
1156,キャビネット_ブレーキ_483,15356,3
1157,楽しんで_トレーナー_484,16201,4
1158,サワー_ホイール_485,1895,4
1159,分割_持ってる_486,13559,7
1160,文言_衝突_487,12780,7
1161,極端な_トレーナー_488,20500,2
1162,ストレージ_呼ぶ_489,10893,4
1163,コミュニティ_装置_48a,22373,2
1164,衝突_ヒット_48b,7405,3
1165,合計_ストレージ_48c,6663,2
1166,チーズ_反射_48d,13340,7
1167,証言する_ささやき_48e,17556,5
1168,カレッジ_状況_48f,2580,6
1169,ヘア_舗装_490,23599,1
1170,カレッジ_今_491,8117,1
1171,敵_午前_492,6760,3
1172,普通の_助けて_493,1801,1
1173,再現する_トレーナー_494,24875,2
1174,パン_協力_495,2466,1
1175,動物_装置_496,11386,2
1176,テント_パン_497,4776,7
1177,腐った_参加する_498,9244,7
1178,尿_協力_499,5705,2
1179,教会_クルー_49a,5425,6
1180,参加する_パーセント_49b,9616,1
1181,人形_ストレージ_49c,12189,2
1182,アクセルペダル_リンク_49d,15357,6
1183,暖かい_バスケット_49e,22057,4
1184,バスケット_ダニ_49f,2636,4
1185,器官_敵_4a0,2340,3
1186,柔らかい_ハードウェア_4a1,9170,4
1187,憲法_協力_4a2,14060,6
1188,日曜日_ストレージ_4a3,16537,5
1189,隠す_再現する_4a4,3651,7
1190,欠乏_偏差_4a5,17467,4
1191,あなた自身_織る_4a6,13612,4
1192,隠す_省略_4a7,3286,5
1193,職人_リハビリ_4a8,19280,3
1194,軸_陶器_4a9,23445,5
1195,近代化する_デッド_4aa,16172,4
1196,バケツ_ストレージ_4ab,18639,1
1197,編組_シュガー_4ac,4997,7
1198,ヘア_今日_4ad,3111,5
1199,サラダ_反射_4ae,11254,1
1200,ダニ_ログ_4af,10303,1
1201,連続_バケツ_4b0,11059,2
1202,同行_転倒_4b1,3490,6
1203,ヒール_本質的な_4b2,2290,3
1204,トーン_偏差_4b3,12112,6
1205,差別する_動物_4b4,4665,6
1206,持つ_敵_4b5,4572,3
1207,風景_緩む_4b6,13838,2
1208,ハンマー_障害_4b7,3460,3
1209,敵対的な_ノート_4b8,24576,6
1210,スペル_追放する_4b9,17757,5
1211,ジャーナル_擁する_4ba,11769,5
1212,見落とす_運_4bb,23011,5
1213,販売_トス_4bc,24231,6
1214,部隊_高い_4bd,17421,7
1215,擁する_教会_4be,18505,2
1216,転倒_販売_4bf,17295,1
1217,シェービング_スペル_4c0,23055,5
1218,大統領_隠す_4c1,13006,6
1219,主人_織る_4c2,23008,5
1220,埋め込む_尊敬する_4c3,23802,4
1221,敵対的な_犯罪者_4c4,2880,3
1222,チーズ_倫理_4c5,22089,5
1223,学生_バス_4c6,4432,5
1224,通行料金_目的_4c7,15912,1
1225,副_敵_4c8,5898,5
1226,バス_バスケット_4c9,18403,3
1227,証言する_リフト_4ca,18134,5
1228,スマッシュ_合計_4cb,15484,6
1229,ない_大統領_4cc,10075,3
1230,ヒット_同行_4cd,15932,5
1231,倫理_符号_4ce,22562,6
1232,呼ぶ_知覚_4cf,14283,6
1233,じぶんの_花嫁_4d0,15170,7
1234,パーセント_見出し_4d1,4889,3
1235,埋め込む_ダイヤモンド_4d2,7438,7
1236,索引_ささやき_4d3,16135,2
1237,探査_賞賛する_4d4,23844,2
1238,スマッシュ_ブラケット_4d5,9126,7
1239,彼_高い_4d6,4803,3
1240,部隊_メニュー_4d7,1663,1
1241,追放する_見落とす_4d8,12796,7
1242,クール_明らかにする_4d9,4389,2
1243,移動_軸_4da,21805,7
1244,残る_偏差_4db,2662,4
1245,君は_リハビリ_4dc,9942,3
1246,チーズ_残る_4dd,4392,1
1247,普通の_再現する_4de,18155,4
1248,トス_革新_4df,4905,5
1249,尿_見落とす_4e0,19144,7
1250,キャビン_尿_4e1,19832,7
1251,日曜日_テント_4e2,20808,7
1252,再現する_パン_4e3,5718,2
1253,尊敬する_デッド_4e4,2625,2
1254,狭い_トースト_4e5,22794,3
1255,怒り_トリビュート_4e6,4796,1
1256,見出し_本質的な_4e7,18104,1
1257,連続_デッド_4e8,12277,7
1258,クール_隠す_4e9,19743,2
1259,証言する_探査_4ea,3849,3
1260,ハードウェア_人形_4eb,22088,3
1261,午前_画面_4ec,18946,7
1262,ホイール_状況_4ed,13737,4
1263,差別する_保持する_4ee,19140,7
1264,陶器_リニア_4ef,21186,5
1265,創傷_編組_4f0,24012,3
1266,私_癌_4f1,4526,4
1267,ジャム_ブランチ_4f2,13011,6
1268,マリン_ニュース_4f3,11012,4
1269,緩む_彼女_4f4,10571,4
1270,中世_トースト_4f5,14130,5
1271,式_倫理_4f6,8254,6
1272,持っていました_必要_4f7,10765,7
1273,尊敬する_普通の_4f8,18758,5
1274,擁する_販売_4f9,8639,1
1275,それ_脊椎_4fa,17277,5
1276,奨励します_追放する_4fb,3954,1
1277,カレッジ_ニュース_4fc,7988,6
1278,サンプル_評議会_4fd,7606,6
1279,ブランチ_あった_4fe,8352,1
1280,狭い_リハビリ_4ff,2445,3
1281,式_器官_500,19828,1
1282,リハビリ_衝突_501,15254,6
1283,鉱山_立派な_502,3708,2
1284,厳しい_普通の_503,20664,6
1285,発生する_尊敬する_504,8765,7
1286,転倒_リニア_505,10038,7
1287,トレーナー_副_506,22828,4
1288,残る_持っていました_507,24990,4
1289,画面_偏差_508,23286,6
1290,ブレーキ_ヘア_509,19463,5
1291,リハビリ_特徴_50a,12906,6
1292,君は_細かい_50b,2162,4
1293,バス_プラスチック_50c,16479,3
1294,メニュー_式_50d,14222,4
1295,今日_戦略的_50e,4908,4
1296,あった_ハンマー_50f,14594,7
1297,催眠術_欠乏_510,6134,6
1298,本質的な_リフト_511,19245,4
1299,高い_参加する_512,18411,1
1300,感謝する_〜_513,2483,3
1301,細かい_探査_514,24699,3
1302,人形_スマッシュ_515,13210,3
1303,憲法_脊椎_516,6899,1
1304,カレッジ_評議会_517,24962,2
1305,タワー_見落とす_518,22596,6
1306,彼女_改善_519,3279,2
1307,索引_主婦_51a,20425,4
1308,今日_必要_51b,20370,3
1309,パン_あなた自身_51c,19975,4
1310,電池_シュガー_51d,19811,1
1311,状況_あった_51e,20532,6
1312,分割_ハードウェア_51f,19935,1
1313,ストレージ_サンプル_520,5251,2
1314,省略_同行_521,11113,5
1315,尊敬する_教会_522,12132,5
1316,極端な_脊椎_523,19706,2
1317,意図_助けて_524,11670,2
1318,ジャーナル_参加する_525,6836,6
1319,建築_協力_526,2082,5
1320,屋根裏_見出し_527,10697,4
1321,索引_軸_528,14262,7
1322,鉱山_犯罪者_529,24702,7
1323,ブレーキ_呼ぶ_52a,2589,7
1324,花嫁_障害_52b,23454,7
1325,午前_ダニ_52c,19155,4
1326,供給_賞賛する_52d,6204,2
1327,主婦_パイオニア_52e,9369,3
1328,トースト_移動_52f,8943,4
1329,狐_数字_530,21970,1
1330,擁する_省略_531,7682,2
1331,クール_偏差_532,11454,4
1332,職人_憲法_533,11172,3
1333,部隊_数字_534,20913,1
1334,状況_高い_535,15184,4
1335,省略_建築_536,17532,7
1336,高い_分割_537,16550,5
1337,感謝する_ジャーナル_538,22955,1
1338,コピー_中央_539,23368,4
1339,ハードウェア_軸_53a,14236,2
1340,憲法_バス_53b,18828,7
1341,偏差_創傷_53c,20842,1
1342,教授_スペル_53d,21392,7
1343,月_今_53e,20076,7
1344,ブランチ_学生_53f,15780,4
1345,クロス_暖かい_540,2479,1
1346,マリン_今日_541,17455,3
1347,証言する_ジャーナル_542,11573,3
1348,普通の_クルー_543,6820,4
1349,持つ_ベルベット_544,20928,7
1350,アクセルペダル_偏差_545,15526,4
1351,リンク_緩む_546,14530,6
1352,学生_本質的な_547,6566,7
1353,普通の_通行料金_548,6078,5
1354,埋め込む_電話_549,7629,6
1355,ヒット_供給_54a,6280,6
1356,仕上げ_雪_54b,4635,3
1357,動物_動物_54c,24504,3
1358,本質的な_移動_54d,5744,5
1359,バスケット_残る_54e,8606,6
1360,今日_バケツ_54f,20794,1
1361,戦略的_見出し_550,18990,1
1362,ない_脊椎_551,18186,5
1363,立派な_じぶんの_552,21220,2
1364,革新_花嫁_553,6006,7
1365,自体_彼_554,11210,7
1366,尊敬する_装置_555,19343,4
1367,オークション_隠す_556,22399,4
1368,式_差別する_557,7976,1
1369,尿_ブランチ_558,6939,4
1370,隠す_インチ_559,24776,5
1371,持つ_行進_55a,6968,5
1372,あった_ノート_55b,2360,5
1373,リンク_あった_55c,8899,1
1374,緩む_ダッシュ_55d,13766,7
1375,錯覚_普通の_55e,8209,2
1376,催眠術_織る_55f,8117,7
1377,持っていました_軸_560,2898,4
1378,柔らかい_葉_561,1520,2
1379,プラスチック_教会_562,22918,1
1380,コミュニケーション_保持する_563,16239,6
1381,暖かい_ヘア_564,14332,4
1382,転倒_ブレーキ_565,13159,3
1383,フェミニスト_コミュニティ_566,1891,5
1384,通行料金_トリビュート_567,23341,2
1385,ピック_符号_568,15753,1
1386,叔父_プラスチック_569,15067,7
1387,ピック_ヒール_56a,11880,5
1388,隠す_埋め込む_56b,1699,4
1389,じぶんの_今_56c,10930,2
1390,差別する_革新_56d,22469,1
1391,ハードウェア_隠す_56e,4681,4
1392,クール_ダイヤモンド_56f,18097,3
1393,ジャム_狐_570,10906,6
1394,トーン_トリビュート_571,22259,1
1395,供給_特徴_572,5236,3
1396,埋め込む_創傷_573,7020,5
1397,怒り_タワー_574,17547,7
1398,明らかにする_革新_575,15135,7
1399,メニュー_デフォルト_576,15343,5
1400,鉱山_知覚_577,3425,3
1401,ない_教会_578,4224,3
1402,証言する_ソース_579,12335,7
1403,式_副_57a,3740,3
1404,明らかにする_彼女_57b,9891,5
1405,保証金_出演者_57c,3551,3
1406,厳しい_運_57d,15460,3
1407,日曜日_キャビネット_57e,24604,5
1408,持っていました_不自然な_57f,8710,2
1409,トレーナー_コーラス_580,12064,2
1410,協力_トレーナー_581,6708,6
1411,指名_大統領_582,8303,5
1412,戦略的_舗装_583,23715,2
1413,中世_スペル_584,6972,3
1414,ハンマー_保証金_585,15304,4
1415,リニア_デッド_586,18110,5
1416,保持する_ブランチ_587,11140,4
1417,スマッシュ_指名_588,9639,4
1418,販売_教授_589,2956,1
1419,助けて_建築_58a,2683,2
1420,協力_省略_58b,7173,4
1421,パン_ジャーナル_58c,2758,7
1422,それ_偏差_58d,19676,6
1423,状況_持ってる_58e,6965,1
1424,特徴_器官_58f,20827,5
1425,運_カレッジ_590,10726,1
1426,サンプル_フェミニスト_591,14927,3
1427,リハビリ_極端な_592,1641,6
1428,明らかにする_特徴_593,10036,1
1429,尊敬する_花嫁_594,15441,4
1430,雪_アクセルペダル_595,20275,6
1431,主人_コーラス_596,18802,1
1432,呼ぶ_戦略的_597,15850,7
1433,犯罪者_発生する_598,9137,3
1434,花嫁_スキーム_599,2548,4
1435,革新_尊敬する_59a,1722,6
1436,差別する_ダイヤモンド_59b,13767,6
1437,ジャム_出演者_59c,6809,1
1438,カレッジ_必要_59d,17059,4
1439,彼_暖かい_59e,7033,1
1440,軸_創傷_59f,23202,7
1441,トースト_中世_5a0,17926,6
1442,明らかにする_目的_5a1,19481,1
1443,偏差_装置_5a2,14074,1
1444,呼ぶ_創傷_5a3,13674,2
1445,助けて_マリン_5a4,9493,4
1446,柔らかい_今_5a5,14524,1
1447,動物_暖かい_5a6,6792,1
1448,あった_発生する_5a7,20323,4
1449,転倒_必要_5a8,21005,7
1450,建築_パン_5a9,7750,2
1451,あった_尿_5aa,6358,2
1452,省略_供給_5ab,5588,7
1453,溝_建築_5ac,15239,2
1454,連続_デフォルト_5ad,4044,2
1455,バケツ_ジャーナル_5ae,5961,4
1456,カラム_敵対的な_5af,23548,7
1457,バスケット_リンク_5b0,22476,5
1458,教授_極端な_5b1,11501,3
1459,感謝する_細かい_5b2,20652,2
1460,意図_パイオニア_5b3,22690,2
1461,発生する_見出し_5b4,9215,2
1462,あなた自身_証言する_5b5,2869,7
1463,索引_移動_5b6,21497,4
1464,必要_助けて_5b7,2100,6
1465,野球_探査_5b8,16503,1
1466,コンペ_ノート_5b9,8910,3
1467,キャビン_私_5ba,15403,3
1468,追放する_メニュー_5bb,9121,1
1469,ピック_拡張_5bc,20527,6
1470,衝突_舗装_5bd,1776,5
1471,仕上げ_創傷_5be,21941,1
1472,省略_コミュニケーション_5bf,21206,4
1473,ブラケット_ベルベット_5c0,1506,6
1474,メニュー_呼ぶ_5c1,9110,6
1475,デッド_ジャーナル_5c2,24030,1
1476,緩む_チーズ_5c3,9899,4
1477,電池_リフト_5c4,20725,1
1478,織る_参加する_5c5,8815,5
1479,キャビン_管理する_5c6,21291,5
1480,狭い_トス_5c7,12733,2
1481,転倒_ログ_5c8,4747,5
1482,トレーナー_尿_5c9,12097,1
1483,午前_トス_5ca,14499,5
1484,学生_バーゲン_5cb,21862,7
1485,午前_ブレーキ_5cc,6462,3
1486,スマッシュ_キャビン_5cd,20455,3
1487,奨励します_行進_5ce,24665,3
1488,ジャム_野球_5cf,21906,5
1489,学生_チーズ_5d0,18851,3
1490,出演者_今日_5d1,18392,2
1491,目的_暖かい_5d2,1733,1
1492,キャビネット_トレーナー_5d3,3354,6
1493,ヘア_リハビリ_5d4,8194,7
1494,意図_部隊_5d5,9465,6
1495,屋根裏_ニュース_5d6,16493,1
1496,通行料金_屋根裏_5d7,19508,4
1497,ベルベット_大統領_5d8,18523,4
1498,電話_デッド_5d9,1870,6
1499,奨励します_奨励します_5da,21653,7
1500,見出し_怒り_5db,23444,4
1501,オークション_暖かい_5dc,16728,1
1502,評議会_オークション_5dd,4613,2
1503,尿_バス_5de,13835,3
1504,隠す_転倒_5df,5597,6
1505,ホイール_編組_5e0,4482,1
1506,持ってる_屋根裏_5e1,23878,6
1507,クロス_月_5e2,11794,2
1508,ブラケット_インチ_5e3,22212,2
1509,仕上げ_探査_5e4,8191,7
1510,バナー_メニュー_5e5,11154,6
1511,移動_職人_5e6,16653,2
1512,尊敬する_緩む_5e7,10687,5
1513,参加する_楽しんで_5e8,3999,1
1514,本質的な_器官_5e9,14835,3
1515,管理する_普通の_5ea,24044,4
1516,出演者_トス_5eb,3895,3
1517,厳しい_式_5ec,9667,2
1518,溝_ブラケット_5ed,13352,3
1519,見落とす_舗装_5ee,22850,1
1520,ハンマー_ダイヤモンド_5ef,6859,5
1521,知覚_発生する_5f0,14438,1
1522,ヒット_見落とす_5f1,13218,1
1523,虐待_コーナー_5f2,12730,5
1524,目的_敵_5f3,9497,3
1525,戦略的_埋め込む_5f4,22158,1
1526,今_特徴_5f5,4310,5
1527,欠乏_犯罪者_5f6,16086,4
1528,ピック_呼ぶ_5f7,4524,4
1529,メニュー_特徴_5f8,18832,7
1530,状況_障害_5f9,6731,5
1531,中世_鉱山_5fa,14343,5
1532,同行_サワー_5fb,9258,1
1533,意図_偏差_5fc,18539,1
1534,スペル_職人_5fd,12143,4
1535,今_立派な_5fe,6578,3
1536,じぶんの_シュガー_5ff,9766,4
1537,フレーム_差別する_600,15643,7
1538,再現する_スマッシュ_601,14468,4
1539,感謝する_リフト_602,4042,5
1540,デッド_今_603,9495,1
1541,持つ_私_604,3704,5
1542,持ってる_画面_605,24763,5
1543,陶器_明らかにする_606,22063,5
1544,メニュー_彼_607,19619,1
1545,コミュニケーション_数字_608,17157,1
1546,試してみる_品質_609,13367,4
1547,人形_数字_60a,22120,7
1548,リフト_は_60b,15909,2
1549,ヒット_電池_60c,7378,2
1550,ジャーナル_舗装_60d,3189,7
1551,必要_障害_60e,12520,7
1552,デッド_不自然な_60f,19748,6
1553,ホイール_暖かい_610,8469,2
1554,部隊_リンク_611,20943,3
1555,〜_ハードウェア_612,3403,5
1556,ソース_保証金_613,22569,2
1557,トレーナー_風景_614,14516,7
1558,狐_近代化する_615,5641,2
1559,近代化する_錯覚_616,6214,6
1560,ハンマー_チーズ_617,19517,4
1561,プラスチック_差別する_618,3502,5
1562,追放する_尊敬する_619,11178,5
1563,それ_副_61a,9448,5
1564,〜_陶器_61b,23110,6
1565,日曜日_副_61c,16381,4
1566,指名_陶器_61d,5280,5
1567,ジャム_彼_61e,18649,2
1568,緩む_サワー_61f,13654,3
1569,呼ぶ_持っていました_620,12316,7
1570,ピック_は_621,6567,2
1571,クール_建築_622,15881,7
1572,陶器_ささやき_623,5580,6
1573,保証金_バナー_624,3014,4
1574,彼女_織る_625,19038,2
1575,敵対的な_野球_626,4404,4
1576,細かい_オークション_627,20960,1
1577,それ_見出し_628,13305,1
1578,溝_カレッジ_629,15206,3
1579,普通の_サラダ_62a,14721,4
1580,品質_クルー_62b,3317,7
1581,協力_は_62c,2174,1
1582,クルー_楽しんで_62d,2507,1
1583,本質的な_狐_62e,16718,4
1584,転倒_スマッシュ_62f,19134,4
1585,溝_ブラケット_630,3159,2
1586,自体_出演者_631,17192,3
1587,あなた自身_じぶんの_632,13978,6
1588,コミュニティ_日曜日_633,17665,1
1589,探査_本質的な_634,11823,6
1590,改善_敵対的な_635,15273,3
1591,教会_持っていました_636,21297,3
1592,ブランチ_屋根裏_637,24328,5
1593,運_コミュニケーション_638,7819,7
1594,倫理_細かい_639,19435,3
1595,キャビネット_ハードウェア_63a,13198,7
1596,合計_デッド_63b,23319,1
1597,ささやき_品質_63c,22501,2
1598,残る_立派な_63d,20872,6
1599,賞賛する_協力_63e,17029,2
1600,サンプル_欠乏_63f,23863,5
1601,反射_ブランチ_640,19879,5
1602,屋根裏_アクセルペダル_641,3810,3
1603,風景_犯罪者_642,24377,4
1604,奨励します_賞賛する_643,6110,7
1605,試してみる_意図_644,14643,2
1606,タワー_シュガー_645,6395,4
1607,コミュニケーション_錯覚_646,11418,3
1608,ノート_発生する_647,18494,6
1609,シュガー_目的_648,9396,2
1610,緩む_オークション_649,19240,5
1611,彼女_バス_64a,21463,3
1612,証言する_軸_64b,24963,1
1613,虐待_試してみる_64c,10555,6
1614,癌_キャビン_64d,2838,3
1615,コピー_欠乏_64e,12751,1
1616,錯覚_犯罪者_64f,5088,5
1617,移動_腐った_650,4459,3
1618,カラム_それ_651,9987,1
1619,供給_リフト_652,10595,1
1620,舗装_協力_653,24712,5
1621,見落とす_ノート_654,7842,4
1622,革新_ログ_655,8688,6
1623,屋根裏_狭い_656,23472,3
1624,通行料金_厳しい_657,4585,3
1625,ジャム_ログ_658,5540,2
1626,不自然な_血まみれの_659,23289,4
1627,保証金_バナー_65a,14072,7
1628,ノート_ダニ_65b,20225,1
1629,ノート_バーゲン_65c,10939,3
1630,大統領_織る_65d,12572,3
1631,販売_式_65e,5245,4
1632,転倒_供給_65f,14643,3
1633,仕上げ_午前_660,14629,6
1634,ハードウェア_柔らかい_661,18917,1
1635,屋根裏_尿_662,13405,6
1636,サワー_叔父_663,22652,5
1637,特徴_スキーム_664,15362,5
1638,催眠術_運_665,18496,7
1639,ヘア_癌_666,3652,7
1640,証言する_試してみる_667,14510,6
1641,ジャーナル_証言する_668,20509,1
1642,合計_コンペ_669,13017,2
1643,狐_ダニ_66a,16989,3
1644,犯罪者_知覚_66b,5021,3
1645,拡張_日曜日_66c,3302,3
1646,シェービング_メニュー_66d,20182,4
1647,舗装_衝突_66e,14310,7
1648,狭い_キャビネット_66f,11845,2
1649,あった_プラスチック_670,1772,1
1650,コミュニケーション_目的_671,4667,3
1651,意図_擁する_672,1642,3
1652,クルー_連続_673,4436,4
1653,虐待_教会_674,23675,7
1654,ヒール_屋根裏_675,11641,3
1655,陶器_スマッシュ_676,23069,6
1656,催眠術_チーズ_677,11301,4
1657,フェミニスト_バーゲン_678,17791,1
1658,ピック_叔父_679,6881,2
1659,本質的な_反射_67a,13439,1
1660,中世_陶器_67b,12733,6
1661,コミュニティ_スキーム_67c,3861,2
1662,移動_リハビリ_67d,18750,7
1663,プラスチック_プラスチック_67e,22663,4
1664,教会_今日_67f,17214,4
1665,合計_スキーム_680,22770,1
1666,参加する_擁する_681,21573,6
1667,メニュー_溝_682,3935,1
1668,リンク_職人_683,20905,1
1669,持つ_彼_684,7280,7
1670,主人_連続_685,8999,6
1671,倫理_知覚_686,3878,3
1672,シェービング_教会_687,22722,3
1673,追放する_学生_688,20471,1
1674,オークション_虐待_689,9524,7
1675,販売_仕上げ_68a,12660,1
1676,クロス_憲法_68b,3537,7
1677,腐った_メニュー_68c,21661,3
1678,コーラス_カラム_68d,15538,7
1679,擁する_バーゲン_68e,12538,4
1680,それ_見落とす_68f,7681,4
1681,指名_符号_690,11794,1
1682,厳しい_ホイール_691,6520,4
1683,野球_索引_692,7015,2
1684,野球_運_693,4197,5
1685,脊椎_ノート_694,3749,4
1686,スキーム_電池_695,5069,2
1687,衝突_狭い_696,17980,3
1688,保持する_編組_697,21428,1
1689,ログ_ソース_698,12724,5
1690,主婦_チーズ_699,6596,7
1691,ブラケット_編組_69a,17369,1
1692,品質_部隊_69b,11174,6
1693,サワー_不自然な_69c,8779,5
1694,通行料金_バーゲン_69d,2460,5
1695,供給_コンペ_69e,19559,1
1696,午前_衝突_69f,22131,3
1697,高い_教会_6a0,16259,7
1698,アクセルペダル_〜_6a1,11143,3
1699,ノート_文言_6a2,20350,6
1700,敵_評議会_6a3,23449,6
1701,雪_明らかにする_6a4,13970,2
1702,式_陶器_6a5,5068,5
1703,あなた自身_欠乏_6a6,4955,5
1704,意図_索引_6a7,18940,5
1705,発生する_発生する_6a8,8446,7
1706,障害_協力_6a9,9184,3
1707,敵対的な_シェービング_6aa,23379,4
1708,溝_柔らかい_6ab,19456,4
1709,憲法_鉱山_6ac,21984,4
1710,ジャム_障害_6ad,6638,2
1711,ささやき_改善_6ae,2792,2
1712,ジャム_持ってる_6af,3987,7
1713,は_スマッシュ_6b0,3483,6
1714,スマッシュ_コミュニケーション_6b1,3481,2
1715,錯覚_怒り_6b2,22332,3
1716,スマッシュ_狐_6b3,14575,5
1717,隠す_連続_6b4,12318,1
1718,分割_じぶんの_6b5,15542,7
1719,販売_虐待_6b6,7312,6
1720,パイオニア_花嫁_6b7,11581,2
1721,陶器_パーセント_6b8,5003,2
1722,今_リンク_6b9,3948,1
1723,建築_供給_6ba,19910,5
1724,持っていました_感謝する_6bb,9267,5
1725,通行料金_癌_6bc,7363,5
1726,陶器_ささやき_6bd,6894,6
1727,同行_仕上げ_6be,17824,5
1728,編組_メニュー_6bf,6074,2
1729,改善_厳しい_6c0,20725,3
1730,意図_立派な_6c1,21291,3
1731,癌_サンプル_6c2,12174,6
1732,メニュー_指名_6c3,24265,7
1733,コミュニティ_チーズ_6c4,13835,5
1734,人形_高い_6c5,3688,4
1735,バケツ_マリン_6c6,18748,2
1736,運_評議会_6c7,6116,1
1737,緩む_コーラス_6c8,2675,7
1738,じぶんの_狭い_6c9,19432,4
1739,細かい_月_6ca,10130,6
1740,トーン_トレーナー_6cb,15372,2
1741,バナー_賞賛する_6cc,6746,7
1742,フェミニスト_狭い_6cd,5814,6
1743,品質_鉱山_6ce,10783,1
1744,彼女_装置_6cf,7262,6
1745,反射_屋根裏_6d0,6025,3
1746,ダイヤモンド_ヒール_6d1,3272,5
1747,賞賛する_感謝する_6d2,15720,6
1748,保持する_倫理_6d3,14156,7
1749,必要_意図_6d4,1518,7
1750,目的_敵対的な_6d5,15550,3
1751,文言_癌_6d6,24226,2
1752,特徴_脊椎_6d7,24097,5
1753,細かい_自体_6d8,19317,7
1754,プラスチック_仕上げ_6d9,7134,4
1755,見出し_運_6da,17385,1
1756,衝突_舗装_6db,5586,5
1757,陶器_虐待_6dc,24844,5
1758,舗装_コンペ_6dd,13523,7
1759,ヒット_画面_6de,9838,6
1760,葉_主人_6df,4474,1
1761,今_試してみる_6e0,6001,6
1762,楽しんで_移動_6e1,16495,6
1763,不自然な_フェミニスト_6e2,10924,3
1764,擁する_催眠術_6e3,11681,7
1765,反射_編組_6e4,6248,2
1766,画面_状況_6e5,19756,2
1767,ハンマー_サワー_6e6,4493,5
1768,怒り_教会_6e7,12200,4
1769,動物_必要_6e8,18383,1
1770,緩む_電話_6e9,1685,4
1771,チーズ_犯罪者_6ea,24021,1
1772,普通の_シェービング_6eb,15789,7
1773,ボトル_特徴_6ec,2335,5
1774,フェミニスト_通行料金_6ed,4580,5
1775,リンク_今日_6ee,1943,5
1776,カラム_スキーム_6ef,19864,1
1777,花嫁_尊敬する_6f0,18760,5
1778,軸_協力_6f1,4254,4
1779,ハードウェア_意図_6f2,7177,2
1780,ささやき_クール_6f3,23540,6
1781,厳しい_じぶんの_6f4,23967,6
1782,ニュース_コミュニティ_6f5,20992,7
1783,革新_見落とす_6f6,20156,5
1784,マリン_狭い_6f7,22833,7
1785,アクセルペダル_通行料金_6f8,19420,4
1786,憲法_試してみる_6f9,13802,4
1787,試してみる_クルー_6fa,11431,1
1788,参加する_シュガー_6fb,11873,3
1789,キャビネット_主人_6fc,18753,5
1790,動物_埋め込む_6fd,2302,4
1791,主婦_ブレーキ_6fe,17562,2
1792,出演者_奨励します_6ff,12728,1
1793,協力_ベルベット_700,24754,4
1794,協力_バスケット_701,11506,4
1795,自体_追放する_702,7218,7
1796,雪_サンプル_703,17167,5
1797,日曜日_編組_704,20839,2
1798,〜_ヒール_705,20910,1
1799,リンク_分割_706,20939,2
1800,状況_今日_707,19523,2
1801,サンプル_軸_708,10328,7
1802,チーズ_癌_709,18539,2
1803,ジャーナル_じぶんの_70a,4416,3
1804,コンペ_軸_70b,13555,4
1805,楽しんで_明らかにする_70c,23445,4
1806,人形_虐待_70d,1818,3
1807,月_目的_70e,24208,4
1808,ささやき_トリビュート_70f,14417,5
1809,ボトル_ジャム_710,23241,2
1810,電池_彼_711,3137,4
1811,葉_教授_712,10863,7
1812,管理する_尿_713,24272,1
1813,革新_状況_714,11377,3
1814,屋根裏_彼女_715,19888,7
1815,今_リニア_716,9293,1
1816,デッド_シュガー_717,9773,5
1817,ニュース_出演者_718,22469,1
1818,運_動物_719,13971,3
1819,保証金_彼女_71a,17688,6
1820,軸_オークション_71b,17640,4
1821,分割_通行料金_71c,22084,2
1822,葉_品質_71d,23315,6
1823,血まみれの_装置_71e,18268,2
1824,葉_犯罪者_71f,13693,6
1825,私_見落とす_720,13321,2
1826,リニア_コーラス_721,10560,5
1827,普通の_オークション_722,16999,5
1828,学生_今日_723,17123,2
1829,革新_コミュニティ_724,9039,7
1830,コーラス_彼女_725,16664,5
1831,クロス_衝突_726,18525,6
1832,ピック_君は_727,3300,4
1833,虐待_スキーム_728,7474,3
1834,フレーム_タワー_729,21241,4
1835,パン_腐った_72a,16703,6
1836,トレーナー_狭い_72b,15056,3
1837,ブラケット_敵対的な_72c,17252,5
1838,知覚_持ってる_72d,10171,3
1839,動物_ヒット_72e,24022,2
1840,状況_リハビリ_72f,11318,5
1841,ノート_奨励します_730,23587,3
1842,学生_ニュース_731,11371,4
1843,チーズ_反射_732,2709,3
1844,憲法_葉_733,8394,1
1845,ブランチ_オークション_734,4550,5
1846,出演者_叔父_735,24611,3
1847,コーナー_犯罪者_736,21939,5
1848,協力_見出し_737,20998,3
1849,行進_ハードウェア_738,5499,4
1850,催眠術_革新_739,18557,2
1851,式_目的_73a,7746,2
1852,虐待_フレーム_73b,1671,1
1853,バス_リンク_73c,18827,7
1854,デッド_脊椎_73d,6144,5
1855,日曜日_カレッジ_73e,8927,5
1856,目的_行進_73f,17342,3
1857,トースト_月_740,4908,5
1858,パーセント_あなた自身_741,11371,2
1859,拡張_ハードウェア_742,5387,4
1860,欠乏_今_743,4050,1
1861,今日_埋め込む_744,5394,5
1862,ジャーナル_楽しんで_745,14325,4
1863,自体_ブラケット_746,12211,4
1864,合計_差別する_747,17930,4
1865,緩む_ダイヤモンド_748,17367,5
1866,サラダ_デッド_749,22147,2
1867,サワー_装置_74a,6792,5
1868,サンプル_クロス_74b,6354,7
1869,試してみる_自体_74c,22021,5
1870,ベルベット_細かい_74d,4250,4
1871,コンペ_脊椎_74e,11348,7
1872,ボトル_今_74f,17346,7
1873,戦略的_コーナー_750,17050,6
1874,コミュニティ_ボトル_751,9658,5
1875,自体_バス_752,17087,3
1876,デフォルト_販売_753,18071,5
1877,じぶんの_試してみる_754,5880,6
1878,アクセルペダル_バス_755,13249,2
1879,細かい_試してみる_756,9445,4
1880,ダッシュ_革新_757,11729,4
1881,中世_大統領_758,20060,3
1882,品質_学生_759,2094,5
1883,創傷_感謝する_75a,5313,1
1884,供給_数字_75b,3004,7
1885,今_ピック_75c,24276,2
1886,ヒール_再現する_75d,14290,6
1887,ピック_立派な_75e,19310,3
1888,溝_バケツ_75f,21843,1
1889,偏差_見落とす_760,4837,2
1890,バスケット_感謝する_761,24244,5
1891,呼ぶ_ダッシュ_762,19907,5
1892,デッド_チーズ_763,4828,5
1893,午前_コーラス_764,20719,6
1894,プラスチック_行進_765,2230,6
1895,参加する_今_766,16462,5
1896,指名_行進_767,2713,1
1897,バーゲン_参加する_768,17260,3
1898,野球_ヒット_769,8667,1
1899,彼_雪_76a,15234,3
1900,ベルベット_クロス_76b,7085,2
1901,メニュー_コミュニティ_76c,10157,4
1902,クルー_追放する_76d,21089,2
1903,ダイヤモンド_協力_76e,2577,5
1904,残る_タワー_76f,16827,3
1905,柔らかい_自体_770,14327,5
1906,スマッシュ_出演者_771,21813,3
1907,トレーナー_賞賛する_772,12265,5
1908,文言_不自然な_773,16709,6
1909,供給_君は_774,10854,1
1910,パン_私_775,11758,2
1911,デッド_リニア_776,12887,4
1912,デッド_通行料金_777,4028,7
1913,協力_クルー_778,2944,2
1914,動物_トリビュート_779,3875,1
1915,自体_極端な_77a,13541,7
1916,残る_見出し_77b,14612,3
1917,知覚_転倒_77c,9404,4
1918,アクセルペダル_アクセルペダル_77d,15861,1
1919,クルー_擁する_77e,8335,2
1920,リフト_パン_77f,15628,4
1921,彼_自体_780,6799,5
1922,アクセルペダル_式_781,3075,7
1923,人形_舗装_782,18938,2
1924,柔らかい_陶器_783,2680,2
1925,文言_再現する_784,13862,3
1926,催眠術_出演者_785,4674,7
1927,花嫁_ベルベット_786,16621,2
1928,必要_ストレージ_787,10660,7
1929,必要_教授_788,6565,5
1930,索引_省略_789,16206,2
1931,供給_画面_78a,13637,1
1932,リニア_怒り_78b,23552,5
1933,差別する_バスケット_78c,7474,6
1934,主婦_バケツ_78d,5209,1
1935,主人_協力_78e,15219,1
1936,ボトル_供給_78f,4520,5
